{
    "meta": {
        "version": "v1",
        "type": "pca_reconstruction",
        "features": [
            "cpu_usage",
            "memory_usage",
            "disk_utilization",
            "network_rx_rate",
            "network_tx_rate"
        ]
    },
    "preprocessing": {
        "mean": [
            39.801229605078134,
            31.839078082509555,
            29.982530855870394,
            50.49438063012798,
            25.290003895368887
        ],
        "scale": [
            9.993545219674711,
            9.314685295634089,
            1.9988834273130236,
            10.054830026749208,
            5.411170447313796
        ]
    },
    "model": {
        "components": [
            [
                -0.09024539264578475,
                -0.08965648827251314,
                0.02016298585223052,
                0.7013224321376184,
                0.7011118194688686
            ],
            [
                0.701245191758247,
                0.7012060340508458,
                -0.01712327471729847,
                0.08964858731384963,
                0.0907480198252883
            ],
            [
                0.007666558206639367,
                0.01999128181559161,
                0.9995934087636162,
                -0.008297036828160334,
                -0.016904108164585124
            ]
        ],
        "explained_variance": [
            1.9326945754671996,
            1.8387589298229015,
            0.9996736317586087
        ],
        "mean": [
            -1.2921130831955452e-14,
            2.0386359267376976e-15,
            -7.251863554103011e-14,
            1.2742873423121637e-14,
            -8.809841745005543e-15
        ],
        "n_components": 3
    },
    "thresholds": {
        "reconstruction_error": 1.1971291001486588
    }
}